Capture Date,Name,Symbol,Website,Twitter,Reddit,Reddit Subscribers,Category,Twitter Followers,YouTube Videos
2024-09-22,Dogecoin,DOGE,1,1,1,1.0,3,1.0,1.0000000000000002
2024-09-22,Dogecoin,DOGE,1,1,1,1.0,3,1.0,1.0000000000000002
2024-09-22,Chainlink,LINK,1,1,1,0.03404864545031909,2,0.0,1.0000000000000002
2024-09-22,Avalanche,AVAX,1,1,1,0.020893680935521942,2,0.6666666666666667,1.0000000000000002
2024-09-22,Shiba Inu,SHIB,1,1,1,0.2104481408874714,3,0.6666666666666667,1.0000000000000002
2024-09-22,NEAR Protocol,NEAR,1,1,1,0.02848081005425203,0,0.6666666666666667,1.0000000000000002
2024-09-22,Artificial Superintelligence Alliance,FET,1,1,1,0.006821107762530356,0,0.6666666666666667,0.014971801216306863
2024-09-22,Internet Computer,ICP,1,1,1,0.012216224036307718,0,0.6666666666666667,1.0000000000000002
2024-09-22,Bittensor,TAO,1,1,1,0.02848081005425203,0,0.6666666666666667,0.047054377144293065
2024-09-22,Pepe,PEPE,1,1,1,0.02848081005425203,3,0.6666666666666667,1.0000000000000002
2024-09-22,Render,RENDER,1,1,1,0.0020631971468791552,0,0.6666666666666667,1.0000000000000002
2024-09-22,Immutable,IMX,1,1,1,0.009682843887864808,1,0.6666666666666667,1.0000000000000002
2024-09-22,VeChain,VET,1,1,1,0.09018979625674187,2,0.6666666666666667,1.0000000000000002
2024-09-22,The Graph,GRT,1,1,1,0.009635297292201058,0,0.6666666666666667,1.0000000000000002
2024-09-22,Injective,INJ,1,1,1,0.02848081005425203,0,0.6666666666666667,0.8149610607525215
2024-09-22,dogwifhat,WIF,1,1,1,0.02848081005425203,3,0.6666666666666667,0.0292231807579525
2024-09-22,Maker,MKR,1,1,1,0.015278712454444671,2,0.6666666666666667,1.0000000000000002
2024-09-22,Theta Network,THETA,1,1,1,0.01244867405955272,0,0.6666666666666667,1.0000000000000002
2024-09-22,FLOKI,FLOKI,1,1,1,0.005049285907026493,1,0.6666666666666667,1.0000000000000002
2024-09-22,Bonk,BONK,1,1,1,0.0014333063496243413,3,0.6666666666666667,1.0000000000000002
2024-09-22,MANTRA,OM,1,1,1,0.02848081005425203,2,0.6666666666666667,1.0000000000000002
2024-09-22,Ondo,ONDO,1,1,1,0.02848081005425203,2,0.6666666666666667,1.0000000000000002
2024-09-22,Quant,QNT,1,1,1,0.0075294301235723825,2,0.6666666666666667,1.0000000000000002
2024-09-22,MultiversX,EGLD,1,1,1,0.02848081005425203,1,0.6666666666666667,0.03886528013358705
2024-09-22,Beam,BEAM,1,1,1,0.02848081005425203,1,0.6666666666666667,1.0000000000000002
2024-09-22,Popcat (SOL),POPCAT,1,1,1,0.02848081005425203,3,0.6666666666666667,0.10107688348217997
2024-09-22,Brett (Based),BRETT,1,1,1,0.02848081005425203,3,0.6666666666666667,1.0000000000000002
2024-09-22,Axie Infinity,AXS,1,1,1,0.040384940489543004,1,0.6666666666666667,0.6571806079913104
2024-09-22,Gala,GALA,1,1,1,0.0013024516162591477,1,0.6666666666666667,1.0000000000000002
2024-09-22,Notcoin,NOT,1,1,1,0.02848081005425203,1,0.6666666666666667,1.0000000000000002
2024-09-22,The Sandbox,SAND,1,1,1,0.02848081005425203,1,0.6666666666666667,1.0000000000000002
2024-09-22,Akash Network,AKT,1,1,1,0.02848081005425203,0,0.6666666666666667,1.0000000000000002
2024-09-22,Decentraland,MANA,1,1,1,0.034369686566339284,1,0.6666666666666667,0.46790425180510725
2024-09-22,Ronin,RON,1,1,1,0.02848081005425203,1,0.6666666666666667,1.0000000000000002
2024-09-22,IOTA,IOTA,1,1,1,0.05853879964758626,2,0.6666666666666667,1.0000000000000002
2024-09-22,Synthetix,SNX,1,1,1,0.003848429580647154,2,0.6666666666666667,1.0000000000000002
2024-09-22,DeXe,DEXE,1,1,1,0.02848081005425203,0,0.6666666666666667,1.0000000000000002
2024-09-22,Oasis,ROSE,1,1,1,0.009669839690760193,0,0.6666666666666667,1.0000000000000002
2024-09-22,AIOZ Network,AIOZ,1,1,1,0.02848081005425203,0,0.6666666666666667,0.0008420118307221856
2024-09-22,DOGS,DOGS,1,1,1,0.02848081005425203,3,0.6666666666666667,1.0000000000000002
2024-09-22,SuperVerse,SUPER,1,1,1,0.02848081005425203,1,0.6666666666666667,0.08195480493899215
2024-09-22,ApeCoin,APE,1,1,1,0.02848081005425203,1,0.6666666666666667,0.0873392223498919
2024-09-22,BinaryX,BNX,1,1,1,0.02848081005425203,1,0.6666666666666667,0.01825878843515496
2024-09-22,BOOK OF MEME,BOME,1,1,1,0.02848081005425203,3,0.6666666666666667,1.0000000000000002
2024-09-22,XDC Network,XDC,1,1,1,0.004239368256104658,2,0.6666666666666667,0.08780227819422408
2024-09-22,Axelar,AXL,1,1,1,0.0005908782059409675,2,0.6666666666666667,0.0438595957937912
2024-09-22,cat in a dogs world,MEW,1,1,1,0.02848081005425203,3,0.6666666666666667,1.0000000000000002
2024-09-22,WEMIX,WEMIX,1,1,1,0.02848081005425203,1,0.6666666666666667,0.18635008643033593
2024-09-22,Mog Coin,MOG,1,1,1,0.02848081005425203,3,0.6666666666666667,0.9555375196824065
2024-09-22,Golem,GLM,1,1,1,0.00866729737022624,0,0.6666666666666667,1.0000000000000002
2024-09-22,Reserve Rights,RSR,1,1,1,0.002479331454226852,2,0.6666666666666667,1.0000000000000002
2024-09-22,ConstitutionDAO,PEOPLE,1,1,1,0.02848081005425203,3,0.6666666666666667,0.0006494940836256572
2024-09-22,GMT,GMT,1,1,1,0.02848081005425203,1,0.6666666666666667,1.0000000000000002
2024-09-22,Baby Doge Coin,BabyDoge,1,1,1,0.02848081005425203,1,0.6666666666666667,1.0000000000000002
2024-09-22,Echelon Prime,PRIME,1,1,1,0.02848081005425203,0,0.6666666666666667,1.0000000000000002
2024-09-22,Memecoin,MEME,1,1,1,0.02848081005425203,3,0.6666666666666667,0.5356411144953704
2024-09-22,Enjin Coin,ENJ,1,1,1,0.018352985926207686,1,0.6666666666666667,0.2596395662473833
2024-09-22,Arkham,ARKM,1,1,1,0.02848081005425203,0,0.6666666666666667,1.0000000000000002
2024-09-22,io.net,IO,1,1,1,0.02848081005425203,0,0.6666666666666667,1.0000000000000002
2024-09-22,Saga,SAGA,1,1,1,0.02848081005425203,1,0.6666666666666667,1.0000000000000002
2024-09-22,OriginTrail,TRAC,1,1,1,0.004843657040309759,0,0.6666666666666667,0.005767426402491787
2024-09-22,Flux,FLUX,1,1,1,0.004728244791006297,0,0.6666666666666667,1.0000000000000002
2024-09-22,Polymesh,POLYX,1,1,1,0.02848081005425203,2,0.6666666666666667,0.4364711699607467
2024-09-22,PepeCoin,PEPECOIN,1,1,1,0.002869050986205798,3,0.6666666666666667,0.14216625022038215
2024-09-22,Turbo,TURBO,1,1,1,0.02848081005425203,0,0.6666666666666667,1.0000000000000002
2024-09-22,Aethir,ATH,1,1,1,0.02848081005425203,0,0.6666666666666667,1.0000000000000002
2024-09-22,First Neiro On Ethereum,NEIRO,1,1,1,0.02848081005425203,3,0.6666666666666667,0.04737051155005158
2024-09-22,SUNDOG,SUNDOG,1,1,1,0.02848081005425203,3,0.6666666666666667,0.43648940848415585
2024-09-22,Simon's Cat,CAT,1,1,1,0.02848081005425203,3,0.6666666666666667,1.0000000000000002
2024-09-22,Catizen,CATI,1,1,1,0.02848081005425203,1,0.6666666666666667,0.08599970413062026
2024-09-22,Osaka Protocol,OSAK,1,1,1,0.02848081005425203,3,0.6666666666666667,0.478709563673725
2024-09-22,Dog (Runes),DOG,1,1,1,0.02848081005425203,3,0.6666666666666667,1.0000000000000002
2024-09-22,Kadena,KDA,1,1,1,0.00684549063210151,0,0.6666666666666667,1.0000000000000002
2024-09-22,SKALE,SKL,1,1,1,0.0019351870816305963,1,0.6666666666666667,1.0000000000000002
2024-09-22,PAAL AI,PAAL,1,1,1,0.02848081005425203,0,0.6666666666666667,1.0000000000000002
2024-09-22,Qubic,QUBIC,1,1,1,0.02848081005425203,0,0.6666666666666667,1.0000000000000002
2024-09-22,Arcblock,ABT,1,1,1,0.0012142669046434737,0,0.6666666666666667,0.01666190438555428
2024-09-22,Centrifuge,CFG,1,1,1,0.02848081005425203,2,0.6666666666666667,1.0000000000000002
2024-09-22,Illuvium,ILV,1,1,1,0.02848081005425203,1,0.6666666666666667,0.08654787308419512
2024-09-22,Chia,XCH,1,1,1,0.018732545929198652,2,0.6666666666666667,1.0000000000000002
2024-09-22,Ponke,PONKE,1,1,1,0.02848081005425203,3,0.6666666666666667,0.1706497575289638
2024-09-22,Creditcoin,CTC,1,1,1,3.372963624009649e-05,2,0.6666666666666667,0.007117077134768503
2024-09-22,Gomining,Gomining,1,1,1,0.02848081005425203,1,0.6666666666666667,1.0000000000000002
2024-09-22,Yield Guild Games,YGG,1,1,1,0.02848081005425203,1,0.6666666666666667,0.18330425302100875
2024-09-22,Destra Network,DSYNC,1,1,1,0.02848081005425203,0,0.6666666666666667,1.0000000000000002
2024-09-22,Gigachad,GIGA,1,1,1,0.02848081005425203,3,0.6666666666666667,1.0000000000000002
2024-09-22,Chromia,CHR,1,1,1,0.000846085574119047,1,0.6666666666666667,0.46372357693921107
2024-09-22,Pixels,PIXEL,1,1,1,0.02848081005425203,1,0.6666666666666667,1.0000000000000002
2024-09-22,Casper,CSPR,1,1,1,0.0024297529527655052,0,0.6666666666666667,1.0000000000000002
2024-09-22,Zignaly,ZIG,1,1,1,0.02848081005425203,0,0.6666666666666667,0.0
2024-09-22,0x0.ai,0x0,1,1,1,0.02848081005425203,0,0.6666666666666667,1.0000000000000002
2024-09-22,Ozone Chain,OZO,1,1,1,0.02848081005425203,0,0.6666666666666667,1.0000000000000002
2024-09-22,Big Time,BIGTIME,1,1,1,0.0011549352553536655,1,0.6666666666666667,1.0000000000000002
2024-09-22,Xai,XAI,1,1,1,0.02848081005425203,1,0.6666666666666667,1.0000000000000002
2024-09-22,Lisk,LSK,1,1,1,0.013753970343928503,2,0.6666666666666667,1.0000000000000002
2024-09-22,Chintai,CHEX,1,1,1,0.02848081005425203,2,0.6666666666666667,0.5560621812058096
2024-09-22,RSS3,RSS3,1,1,1,0.02848081005425203,0,0.6666666666666667,0.06890412818844854
2024-09-22,WAX,WAXP,1,1,1,0.0035932222124690745,1,0.6666666666666667,1.0000000000000002
2024-09-22,Venus,XVS,1,1,1,0.02848081005425203,2,0.6666666666666667,1.0000000000000002
2024-09-22,Delysium,AGI,1,1,1,0.02848081005425203,0,0.6666666666666667,1.0000000000000002
2024-09-22,Matr1x Fire,FIRE,1,1,1,0.02848081005425203,1,0.6666666666666667,0.7261505671167529
2024-09-22,iExec RLC,RLC,1,1,1,0.003516416173319939,0,0.6666666666666667,0.7261505671167529
2024-09-22,Marlin,POND,1,1,1,0.02848081005425203,0,0.6666666666666667,0.7261505671167529
2024-09-22,TrueFi,TRU,1,1,1,0.0006546800479854874,2,0.6666666666666667,0.7261505671167529
2024-09-22,ANDY (ETH),ANDY,1,1,1,0.02848081005425203,3,0.6666666666666667,0.7261505671167529
2024-09-22,Numeraire,NMR,1,1,1,0.001695828578673767,0,0.6666666666666667,0.7261505671167529
2024-09-22,inSure DeFi,SURE,1,1,1,5.1610407258942826e-05,0,0.6666666666666667,0.7261505671167529
2024-09-22,Oasys,OAS,1,1,1,0.02848081005425203,1,0.6666666666666667,0.7261505671167529
2024-09-22,Zentry,ZENT,1,1,1,0.02848081005425203,1,0.6666666666666667,0.7261505671167529
2024-09-22,Tron Bull,BULL,1,1,1,0.02848081005425203,3,0.6666666666666667,0.7261505671167529
2024-09-22,Propy,PRO,1,1,1,0.02848081005425203,2,0.6666666666666667,0.7261505671167529
2024-09-22,IQ,IQ,1,1,1,0.001562535558351458,0,0.6666666666666667,0.7261505671167529
2024-09-22,Dusk,DUSK,1,1,1,0.005933164928980828,2,0.6666666666666667,0.7261505671167529
2024-09-22,Vulcan Forged (PYR),PYR,1,1,1,0.000917202277034913,1,0.6666666666666667,0.7261505671167529
2024-09-22,WHY,WHY,1,1,1,0.02848081005425203,3,0.6666666666666667,0.7261505671167529
2024-09-22,Coq Inu,COQ,1,1,1,0.02848081005425203,3,0.6666666666666667,0.7261505671167529
2024-09-22,Mines of Dalarnia,DAR,1,1,1,0.02848081005425203,1,0.6666666666666667,0.7261505671167529
2024-09-22,Bone ShibaSwap,BONE,1,1,1,0.21044854726863094,3,0.6666666666666667,0.7261505671167529
2024-09-22,Nosana,NOS,1,1,1,0.02848081005425203,0,0.6666666666666667,0.7261505671167529
2024-09-22,HarryPotterObamaSonic10Inu (ERC-20),BITCOIN,1,1,1,0.02848081005425203,3,0.6666666666666667,0.7261505671167529
2024-09-22,Nakamoto Games,NAKA,1,1,1,0.02848081005425203,1,0.6666666666666667,0.7261505671167529
2024-09-22,Treasure,MAGIC,1,1,1,0.02848081005425203,1,0.6666666666666667,0.7261505671167529
2024-09-22,Sleepless AI,AI,1,1,1,0.02848081005425203,0,0.6666666666666667,0.7261505671167529
2024-09-22,BORA,BORA,1,1,1,0.02848081005425203,1,0.6666666666666667,0.7261505671167529
2024-09-22,dKargo,DKA,1,1,1,0.02848081005425203,0,0.6666666666666667,0.7261505671167529
2024-09-22,Phala Network,PHA,1,1,1,0.02848081005425203,0,0.6666666666666667,0.7261505671167529
2024-09-22,Fusionist,ACE,1,1,1,0.02848081005425203,1,0.6666666666666667,0.7261505671167529
2024-09-22,Mumu the Bull,MUMU,1,1,1,0.02848081005425203,3,0.6666666666666667,0.7261505671167529
2024-09-22,NetMind Token,NMT,1,1,1,0.02848081005425203,0,0.6666666666666667,0.7261505671167529
2024-09-22,Neiro Ethereum,NEIRO,1,1,1,0.02848081005425203,3,0.6666666666666667,0.7261505671167529
2024-09-22,Oraichain,ORAI,1,1,1,0.00025967756093279103,0,0.6666666666666667,0.7261505671167529
2024-09-22,Maple,MPL,1,1,1,0.02848081005425203,2,0.6666666666666667,0.7261505671167529
2024-09-22,Hooked Protocol,HOOK,1,1,1,0.02848081005425203,0,0.6666666666666667,0.7261505671167529
2024-09-22,Portal,PORTAL,1,1,1,0.02848081005425203,1,0.6666666666666667,0.7261505671167529
2024-09-22,Apu Apustaja,APU,1,1,1,0.02848081005425203,3,0.6666666666666667,0.7261505671167529
2024-09-22,CUDOS,CUDOS,1,1,1,0.0001572695087339439,0,0.6666666666666667,0.7261505671167529
2024-09-22,Solidus Ai Tech,AITECH,1,1,1,0.02848081005425203,0,0.6666666666666667,0.7261505671167529
2024-09-22,Polyhedra Network,ZKJ,1,1,1,0.02848081005425203,2,0.6666666666666667,0.7261505671167529
2024-09-22,michi (SOL),$MICHI,1,1,1,3.372963624009649e-05,3,0.6666666666666667,0.7261505671167529
2024-09-22,BakeryToken,BAKE,1,1,1,0.02848081005425203,1,0.6666666666666667,0.7261505671167529
2024-09-22,MyNeighborAlice,ALICE,1,1,1,0.001349591830763379,1,0.6666666666666667,0.7261505671167529
2024-09-22,Seedify.fund,SFUND,1,1,1,0.0024825825035030055,1,0.6666666666666667,0.7261505671167529
2024-09-22,Clearpool,CPOOL,1,1,1,0.02848081005425203,2,0.6666666666666667,0.7261505671167529
2024-09-22,MAGA,TRUMP,1,1,1,0.02848081005425203,3,0.6666666666666667,0.7261505671167529
2024-09-22,SLERF,SLERF,1,1,1,0.02848081005425203,3,0.6666666666666667,0.7261505671167529
2024-09-22,Dogelon Mars,ELON,1,1,1,0.02848081005425203,3,0.6666666666666667,0.7261505671167529
2024-09-22,Wilder World,WILD,1,1,1,0.02848081005425203,1,0.6666666666666667,0.7261505671167529
2024-09-22,XPLA,XPLA,1,1,1,0.02848081005425203,1,0.6666666666666667,0.7261505671167529
2024-09-22,Goldfinch,GFI,1,1,1,0.02848081005425203,2,0.6666666666666667,0.7261505671167529
2024-09-22,Phoenix,PHB,1,1,1,0.0002653668971660603,0,0.6666666666666667,0.7261505671167529
2024-09-22,Hashflow,HFT,1,1,1,0.00016783541888144398,1,0.6666666666666667,0.7261505671167529
2024-09-22,ChainGPT,CGPT,1,1,1,0.02848081005425203,0,0.6666666666666667,0.7261505671167529
2024-09-22,BOBO,BOBO,1,1,1,0.02848081005425203,3,0.6666666666666667,0.7261505671167529
2024-09-22,Myro,MYRO,1,1,1,0.02848081005425203,3,0.6666666666666667,0.7261505671167529
2024-09-22,Hifi Finance,HIFI,1,1,1,0.02848081005425203,2,0.6666666666666667,0.7261505671167529
2024-09-22,Milady Meme Coin,LADYS,1,1,1,0.02848081005425203,3,0.6666666666666667,0.7261505671167529
2024-09-22,Wen,WEN,1,1,1,0.02848081005425203,3,0.6666666666666667,0.7261505671167529
2024-09-22,Node AI,GPU,1,1,1,0.02848081005425203,0,0.6666666666666667,0.7261505671167529
2024-09-22,Undeads Games,UDS,1,1,1,0.004015452237209559,1,0.6666666666666667,0.7261505671167529
2024-09-22,Artificial Liquid Intelligence,ALI,1,1,1,0.02848081005425203,0,0.6666666666666667,0.7261505671167529
2024-09-22,NFPrompt,NFP,1,1,1,0.02848081005425203,0,0.6666666666666667,0.7261505671167529
2024-09-22,PepeFork,PORK,1,1,1,0.02848081005425203,3,0.6666666666666667,0.7261505671167529
2024-09-22,Gods Unchained,GODS,1,1,1,0.010237147789449045,1,0.6666666666666667,0.7261505671167529
2024-09-22,Degen,DEGEN,1,1,1,0.02848081005425203,3,0.6666666666666667,0.7261505671167529
2024-09-22,MOBOX,MBOX,1,1,1,0.0037053834124963834,1,0.6666666666666667,0.7261505671167529
2024-09-22,RACA,RACA,1,1,1,0.001164688403182127,1,0.6666666666666667,0.7261505671167529
2024-09-22,PeiPei (ETH),PEIPEI,1,1,1,0.02848081005425203,3,0.6666666666666667,0.7261505671167529
2024-09-22,LTO Network,LTO,1,1,1,0.002419593423777524,2,0.6666666666666667,0.7261505671167529
2024-09-22,Alkimi,ADS,1,1,1,2.68211565282695e-05,2,0.6666666666666667,0.7261505671167529
2024-09-22,MARBLEX,MBX,1,1,1,0.02848081005425203,1,0.6666666666666667,0.7261505671167529
2024-09-22,Myria,MYRIA,1,1,1,0.02848081005425203,1,0.6666666666666667,0.7261505671167529
2024-09-22,TokenFi,TOKEN,1,1,1,0.00013735683191750138,0,0.6666666666666667,0.7261505671167529
2024-09-22,LimeWire,LMWR,1,1,1,0.02848081005425203,0,0.6666666666666667,0.7261505671167529
2024-09-22,HashAI,HASHAI,1,1,1,0.02848081005425203,0,0.6666666666666667,0.7261505671167529
2024-09-22,Kendu Inu,KENDU,1,1,1,0.0017775111917371332,3,0.6666666666666667,0.7261505671167529
2024-09-22,PlatON,LAT,1,1,1,3.698068551625037e-05,0,0.6666666666666667,0.7261505671167529
2024-09-22,Forta,FORT,1,1,1,0.02848081005425203,0,0.6666666666666667,0.7261505671167529
2024-09-22,Sweat Economy,SWEAT,1,1,1,0.011456291268006749,1,0.6666666666666667,0.7261505671167529
2024-09-22,Snek,SNEK,1,1,1,0.00012760368408903973,3,0.6666666666666667,0.7261505671167529
2024-09-22,Heroes of Mavia,MAVIA,1,1,1,0.02848081005425203,1,0.6666666666666667,0.7261505671167529
2024-09-22,Polymath,POLY,1,1,1,0.003481467393601285,2,0.6666666666666667,0.7261505671167529
2024-09-22,GamerCoin,GHX,1,1,1,0.02848081005425203,1,0.6666666666666667,0.7261505671167529
2024-09-22,Alien Worlds,TLM,1,1,1,0.02848081005425203,1,0.6666666666666667,0.7261505671167529
2024-09-22,Streamr,DATA,1,1,1,0.02848081005425203,0,0.6666666666666667,0.7261505671167529
2024-09-22,Aavegotchi,GHST,1,1,1,0.001024486903147991,1,0.6666666666666667,0.7261505671167529
2024-09-22,Ribbon Finance,RBN,1,1,1,0.02848081005425203,2,0.6666666666666667,0.7261505671167529
2024-09-22,ORIGYN,OGY,1,1,1,6.502098552307758e-06,2,0.6666666666666667,0.7261505671167529
2024-09-22,MANEKI,MANEKI,1,1,1,0.02848081005425203,3,0.6666666666666667,0.7261505671167529
2024-09-22,RETARDIO,RETARDIO,1,1,1,0.02848081005425203,3,0.6666666666666667,0.7261505671167529
2024-09-22,Aleph.im,ALEPH,1,1,1,0.00025845841745423333,0,0.6666666666666667,0.7261505671167529
2024-09-22,Ethernity Chain,ERN,1,1,1,0.00069572454509693,1,0.6666666666666667,0.7261505671167529
2024-09-22,Dimitra,DMTR,1,1,1,0.02848081005425203,0,0.6666666666666667,0.7261505671167529
2024-09-22,ArbDoge AI,AIDOGE,1,1,1,0.02848081005425203,3,0.6666666666666667,0.7261505671167529
2024-09-22,ShibaBitcoin,SHIBTC,1,1,1,0.02848081005425203,3,0.6666666666666667,0.7261505671167529
2024-09-22,Pirate Nation,PIRATE,1,1,1,0.02848081005425203,1,0.6666666666666667,0.7261505671167529
2024-09-22,PaLM AI,PALM,1,1,1,0.02848081005425203,0,0.6666666666666667,0.7261505671167529
2024-09-22,Daddy Tate,DADDY,1,1,1,0.02848081005425203,3,0.6666666666666667,0.7261505671167529
2024-09-22,Agoras: Currency of Tau,AGRS,1,1,1,0.00022066496961894452,0,0.6666666666666667,0.7261505671167529
2024-09-22,SPX6900,SPX,1,1,1,7.030394059682763e-05,3,0.6666666666666667,0.7261505671167529
2024-09-22,KARRAT,KARRAT,1,1,1,0.02848081005425203,1,0.6666666666666667,0.7261505671167529
2024-09-22,Ultiverse,ULTI,1,1,1,0.02848081005425203,1,0.6666666666666667,0.7261505671167529
2024-09-22,Matr1x,MAX,1,1,1,0.02848081005425203,1,0.6666666666666667,0.7261505671167529
2024-09-22,DIA,DIA,1,1,1,0.0004210108812619273,0,0.6666666666666667,0.7261505671167529
2024-09-22,Star Atlas DAO,POLIS,1,1,1,0.003917107996605904,1,0.6666666666666667,0.7261505671167529
2024-09-22,League of Kingdoms Arena,LOKA,1,1,1,0.02848081005425203,1,0.6666666666666667,0.7261505671167529
2024-09-22,Toshi,TOSHI,1,1,1,0.02848081005425203,3,0.6666666666666667,0.7261505671167529
2024-09-22,Propbase,PROPS,1,1,1,0.02848081005425203,2,0.6666666666666667,0.7261505671167529
2024-09-22,FUNToken,FUN,1,1,1,0.00025398822469952176,1,0.6666666666666667,0.7261505671167529
2024-09-22,Verasity,VRA,1,1,1,0.009114723026856918,0,0.6666666666666667,0.7261505671167529
2024-09-22,Billy,BILLY,1,1,1,0.02848081005425203,3,0.6666666666666667,0.7261505671167529
2024-09-22,Cortex,CTXC,1,1,1,0.008611216770212586,0,0.6666666666666667,0.7261505671167529
2024-09-22,Games for a Living,GFAL,1,1,1,0.02848081005425203,1,0.6666666666666667,0.7261505671167529
2024-09-22,Biswap,BSW,1,1,1,0.02848081005425203,1,0.6666666666666667,0.7261505671167529
2024-09-22,Star Atlas,ATLAS,1,1,1,0.003917107996605904,1,0.6666666666666667,0.7261505671167529
2024-09-22,Victoria VR,VR,1,1,1,0.02848081005425203,0,0.6666666666666667,0.7261505671167529
2024-09-22,Virtuals Protocol,VIRTUAL,1,1,1,0.02848081005425203,0,0.6666666666666667,0.7261505671167529
2024-09-22,Boson Protocol,BOSON,1,1,1,0.02848081005425203,2,0.6666666666666667,0.7261505671167529
2024-09-22,SIDUS,SIDUS,1,1,1,0.0064720263465033335,0,0.6666666666666667,0.7261505671167529
2024-09-22,VIDT DAO,VIDT,1,1,1,0.0007668412480127962,0,0.6666666666666667,0.7261505671167529
2024-09-22,DecideAI,DCD,1,1,1,0.02848081005425203,0,0.6666666666666667,0.7261505671167529
2024-09-22,Parcl,PRCL,1,1,1,0.02848081005425203,2,0.6666666666666667,0.7261505671167529
2024-09-22,Ultra,UOS,1,1,1,0.02848081005425203,1,0.6666666666666667,0.7261505671167529
2024-09-22,Amaterasu Omikami,OMIKAMI,1,1,1,0.02848081005425203,3,0.6666666666666667,0.7261505671167529
2024-09-22,Grok,GROK,1,1,1,0.02848081005425203,3,0.6666666666666667,0.7261505671167529
2024-09-22,Sentinel Protocol,UPP,1,1,1,0.004214579005373984,0,0.6666666666666667,0.7261505671167529
2024-09-22,Voxies,VOXEL,1,1,1,0.0002202585884594253,1,0.6666666666666667,0.7261505671167529
2024-09-22,Hoppy,HOPPY,1,1,1,0.02848081005425203,3,0.6666666666666667,0.7261505671167529
2024-09-22,Measurable Data Token,MDT,1,1,1,0.0004783106247541394,0,0.6666666666666667,0.7261505671167529
2024-09-22,COMBO,COMBO,1,1,1,0.02848081005425203,1,0.6666666666666667,0.7261505671167529
2024-09-22,StrikeX,STRX,1,1,1,0.0004961913957729858,2,0.6666666666666667,0.7261505671167529
2024-09-22,Zukiverse,ZUKI,1,1,1,0.02848081005425203,1,0.6666666666666667,0.7261505671167529
2024-09-22,Artrade,ATR,1,1,1,0.02848081005425203,2,0.6666666666666667,0.7261505671167529
2024-09-22,SelfKey,KEY,1,1,1,0.001888046867126365,0,0.6666666666666667,0.7261505671167529
2024-09-22,PlayDapp,PDA,1,1,1,0.02848081005425203,1,0.6666666666666667,0.7261505671167529
2024-09-22,Doge Killer,LEASH,1,1,1,0.21044895364979047,3,0.6666666666666667,0.7261505671167529
2024-09-22,GameFi.org,GAFI,1,1,1,0.02848081005425203,1,0.6666666666666667,0.7261505671167529
2024-09-22,Numbers Protocol,NUM,1,1,1,0.02848081005425203,0,0.6666666666666667,0.7261505671167529
2024-09-22,RichQUACK.com,QUACK,1,1,1,0.003385155058795226,3,0.6666666666666667,0.7261505671167529
2024-09-22,LinqAI,LNQ,1,1,1,0.02848081005425203,0,0.6666666666666667,0.7261505671167529
2024-09-22,crow with knife,CAW,1,1,1,0.02848081005425203,3,0.6666666666666667,0.7261505671167529
2024-09-22,DEAPcoin,DEP,1,1,1,0.02848081005425203,1,0.6666666666666667,0.7261505671167529
2024-09-22,VAIOT,VAI,1,1,1,0.02848081005425203,0,0.6666666666666667,0.7261505671167529
2024-09-22,Graphlinq Chain,GLQ,1,1,1,0.00022635430585221382,0,0.6666666666666667,0.7261505671167529
2024-09-22,NEOPIN,NPT,1,1,1,0.02848081005425203,2,0.6666666666666667,0.7261505671167529
2024-09-22,PARSIQ,PRQ,1,1,1,0.00036452390008875365,0,0.6666666666666667,0.7261505671167529
2024-09-22,Graphlinq Chain,GLQ,1,1,1,0.00022635430585221382,0,0.6666666666666667,0.7261505671167529
2024-09-22,Kishu Inu,KISHU,1,1,1,0.010281443335836641,3,0.6666666666666667,0.7261505671167529
2024-09-22,GameStop,GME,1,1,1,3.576154203769266e-05,1,0.6666666666666667,0.7261505671167529
2024-09-22,MAGA,MAGA,1,1,1,0.02848081005425203,3,0.6666666666666667,0.7261505671167529
2024-09-22,Samoyedcoin,SAMO,1,1,1,0.00199167406280377,3,0.6666666666666667,0.7261505671167529
2024-09-22,FEED EVERY GORILLA,FEG,1,1,1,0.006945460397343242,3,0.6666666666666667,0.7261505671167529
2024-09-22,catwifhat,CWIF,1,1,1,0.0024439762933486783,3,0.6666666666666667,0.7261505671167529
2024-09-22,SingularityDAO,SDAO,1,1,1,0.02848081005425203,0,0.6666666666666667,0.7261505671167529
2024-09-22,ZTX,ZTX,1,1,1,0.02848081005425203,1,0.6666666666666667,0.7261505671167529
2024-09-22,Zero1 Labs,DEAI,1,1,1,0.02848081005425203,0,0.6666666666666667,0.7261505671167529
2024-09-22,AdEx,ADX,1,1,1,0.0016308075931506893,0,0.6666666666666667,0.7261505671167529
2024-09-22,Hacken Token,HAI,1,1,1,0.02848081005425203,0,0.6666666666666667,0.7261505671167529
2024-09-22,Nexera,NXRA,1,1,1,0.0,2,0.6666666666666667,0.7261505671167529
2024-09-22,Propchain,PROPC,1,1,1,0.02848081005425203,2,0.6666666666666667,0.7261505671167529
2024-09-22,The Root Network,ROOT,1,1,1,0.02848081005425203,1,0.6666666666666667,0.7261505671167529
2024-09-22,Opulous,OPUL,1,1,1,0.02848081005425203,2,0.6666666666666667,0.7261505671167529
2024-09-22,Polytrade,TRADE,1,1,1,0.02848081005425203,2,0.6666666666666667,0.7261505671167529
2024-09-22,Guild of Guardians,GOG,1,1,1,0.02848081005425203,1,0.6666666666666667,0.7261505671167529
2024-09-22,Cornucopias,COPI,1,1,1,0.00027633918847307966,1,0.6666666666666667,0.7261505671167529
2024-09-22,BOB (ETH),BOB,1,1,1,0.02848081005425203,3,0.6666666666666667,0.7261505671167529
2024-09-22,Moon Tropica,CAH,1,1,1,0.02848081005425203,1,0.6666666666666667,0.7261505671167529
2024-09-22,Basenji,BENJI,1,1,1,0.02848081005425203,3,0.6666666666666667,0.7261505671167529
2024-09-22,PUPS (Ordinals),PUPS,1,1,1,0.02848081005425203,3,0.6666666666666667,0.7261505671167529
2024-09-22,8-Bit Coin,COIN,1,1,1,0.02848081005425203,3,0.6666666666666667,0.7261505671167529
2024-09-22,Hathor,HTR,1,1,1,0.0011667203089797233,2,0.6666666666666667,0.7261505671167529
2024-09-22,Swarm Markets,SMT,1,1,1,0.02848081005425203,2,0.6666666666666667,0.7261505671167529
2024-09-22,Cere Network,CERE,1,1,1,0.0006095717392788523,0,0.6666666666666667,0.7261505671167529
2024-09-22,ELYSIA,EL,1,1,1,0.02848081005425203,2,0.6666666666666667,0.7261505671167529
2024-09-22,AIT Protocol,AIT,1,1,1,0.02848081005425203,0,0.6666666666666667,0.7261505671167529
2024-09-22,Foxsy AI,FOXSY,1,1,1,0.02848081005425203,3,0.6666666666666667,0.7261505671167529
2024-09-22,GT Protocol,GTAI,1,1,1,0.02848081005425203,0,0.6666666666666667,0.7261505671167529
2024-09-22,Ginnan The Cat,GINNAN,1,1,1,0.02848081005425203,3,0.6666666666666667,0.7261505671167529
2024-09-22,OORT,OORT,1,1,1,0.02848081005425203,0,0.6666666666666667,0.7261505671167529
2024-09-22,MON Protocol,MON,1,1,1,0.02848081005425203,1,0.6666666666666667,0.7261505671167529
2024-09-22,LandWolf (SOL),WOLF,1,1,1,0.02848081005425203,3,0.6666666666666667,0.7261505671167529
2024-09-22,MonaCoin,MONA,1,1,1,0.0011720032640534733,3,0.6666666666666667,0.7261505671167529
2024-09-22,Vectorspace AI,VXV,1,1,1,0.0011963861336246274,0,0.6666666666666667,0.7261505671167529
2024-09-22,Smog,SMOG,1,1,1,0.02848081005425203,3,0.6666666666666667,0.7261505671167529
2024-09-22,Commune AI,COMAI,1,1,1,0.02848081005425203,0,0.6666666666666667,0.7261505671167529
2024-09-22,WAGMI Games,WAGMIGAMES,1,1,1,0.00023001173628788693,1,0.6666666666666667,0.7261505671167529
2024-09-22,Wrapped Dog,WDOG,1,1,1,0.02848081005425203,3,0.6666666666666667,0.7261505671167529
2024-09-22,Only1,LIKE,1,1,1,0.02848081005425203,0,0.6666666666666667,0.7261505671167529
2024-09-22,DeFi Kingdoms,JEWEL,1,1,1,0.00511958984762332,1,0.6666666666666667,0.7261505671167529
2024-09-22,NuNet,NTX,1,1,1,0.02848081005425203,0,0.6666666666666667,0.7261505671167529
2024-09-22,SPECTRE AI,SPECTRE,1,1,1,0.02848081005425203,0,0.6666666666666667,0.7261505671167529
2024-09-22,zKML,ZKML,1,1,1,0.02848081005425203,0,0.6666666666666667,0.7261505671167529
2024-09-22,Cate,CATE,1,1,1,0.02848081005425203,3,0.6666666666666667,0.7261505671167529
2024-09-22,GAMEE,GMEE,1,1,1,0.02848081005425203,1,0.6666666666666667,0.7261505671167529
2024-09-22,Aurory,AURY,1,1,1,0.02848081005425203,1,0.6666666666666667,0.7261505671167529
2024-09-22,Shark Cat,SC,1,1,1,0.02848081005425203,3,0.6666666666666667,0.7261505671167529
2024-09-22,zkRace,ZERC,1,1,1,0.02848081005425203,1,0.6666666666666667,0.7261505671167529
2024-09-22,CatCoin,CAT,1,1,1,0.00010525272031548181,3,0.6666666666666667,0.7261505671167529
2024-09-22,Crypto-AI-Robo.com,CAIR,1,1,1,0.02848081005425203,0,0.6666666666666667,0.7261505671167529
2024-09-22,Troll,TROLL,1,1,1,0.02848081005425203,3,0.6666666666666667,0.7261505671167529
2024-09-22,Creo Engine,CREO,1,1,1,0.02848081005425203,1,0.6666666666666667,0.7261505671167529
2024-09-22,Pepe 2.0,PEPE2.0,1,1,1,0.02848081005425203,3,0.6666666666666667,0.7261505671167529
2024-09-22,Volt Inu,VOLT,1,1,1,0.0008534004349903932,0,0.6666666666666667,0.7261505671167529
2024-09-22,Department Of Government Efficiency (dogegov.com),DOGE,1,1,1,0.02848081005425203,3,0.6666666666666667,0.7261505671167529
2024-09-22,Electra Protocol,XEP,1,1,1,0.02848081005425203,2,0.6666666666666667,0.7261505671167529
2024-09-22,Altura,ALU,1,1,1,0.02848081005425203,1,0.6666666666666667,0.7261505671167529
2024-09-22,Botto,BOTTO,1,1,1,0.02848081005425203,0,0.6666666666666667,0.7261505671167529
2024-09-22,Gaimin,GMRX,1,1,1,0.02848081005425203,0,0.6666666666666667,0.7261505671167529
2024-09-22,QnA3.AI,GPT,1,1,1,0.02848081005425203,0,0.6666666666666667,0.7261505671167529
2024-09-22,Hege,HEGE,1,1,1,0.0005591804754984671,3,0.6666666666666667,0.7261505671167529
2024-09-22,Katana Inu,KATA,1,1,1,2.8040300006827204e-05,1,0.6666666666666667,0.7261505671167529
2024-09-22,Brickken,BKN,1,1,1,0.02848081005425203,2,0.6666666666666667,0.7261505671167529
2024-09-22,Devve,DEVVE,1,1,1,0.00013532492611990522,1,0.6666666666666667,0.7261505671167529
2024-09-22,Apeiron,APRS,1,1,1,0.02848081005425203,0,0.6666666666666667,0.7261505671167529
2024-09-22,SAD HAMSTER,HAMMY,1,1,1,0.02848081005425203,3,0.6666666666666667,0.7261505671167529
2024-09-22,Pitbull,PIT,1,1,1,0.0025549183498974294,3,0.6666666666666667,0.7261505671167529
2024-09-22,Brainlet,BRAINLET,1,1,1,0.02848081005425203,3,0.6666666666666667,0.7261505671167529
2024-09-22,MUNCAT,MUNCAT,1,1,1,0.02848081005425203,3,0.6666666666666667,0.7261505671167529
2024-09-22,Electra Protocol,XEP,1,1,1,0.02848081005425203,2,0.6666666666666667,0.7261505671167529
2024-09-22,HELLO Labs,HELLO,1,1,1,0.02848081005425203,1,0.6666666666666667,0.7261505671167529
2024-09-22,DeepBrain Chain,DBC,1,1,1,0.02848081005425203,0,0.6666666666666667,0.7261505671167529
2024-09-22,Credefi,CREDI,1,1,1,0.02848081005425203,2,0.6666666666666667,0.7261505671167529
2024-09-22,BADMAD ROBOTS,METAL,1,1,1,0.02848081005425203,1,0.6666666666666667,0.7261505671167529
2024-09-22,Jesus Coin,JESUS,1,1,1,0.02848081005425203,3,0.6666666666666667,0.7261505671167529
2024-09-22,Atlas Navi,NAVI,1,1,1,0.02848081005425203,0,0.6666666666666667,0.7261505671167529
2024-09-22,PAW,PAW,1,1,1,0.00013776321307702063,3,0.6666666666666667,0.7261505671167529
2024-09-22,Comtech Gold,CGO,1,1,1,6.095717392788522e-06,2,0.6666666666666667,0.7261505671167529
2024-09-22,DUKO,DUKO,1,1,1,0.02848081005425203,3,0.6666666666666667,0.7261505671167529
2024-09-22,KlimaDAO,KLIMA,1,1,1,0.02848081005425203,2,0.6666666666666667,0.7261505671167529
2024-09-22,Ooki Protocol,OOKI,1,1,1,0.0003889067696599077,0,0.6666666666666667,0.7261505671167529
2024-09-22,Lumerin,LMR,1,1,1,0.02848081005425203,0,0.6666666666666667,0.7261505671167529
2024-09-22,BreederDAO,BREED,1,1,1,0.02848081005425203,1,0.6666666666666667,0.7261505671167529
2024-09-22,HyperGPT,HGPT,1,1,1,0.02848081005425203,0,0.6666666666666667,0.7261505671167529
2024-09-22,Ben the Dog,BENDOG,1,1,1,0.02848081005425203,1,0.6666666666666667,0.7261505671167529
2024-09-22,Pomerium,PMG,1,1,1,0.02848081005425203,1,0.6666666666666667,0.7261505671167529
2024-09-22,UNKJD,MBS,1,1,1,0.02848081005425203,1,0.6666666666666667,0.7261505671167529
2024-09-22,BobaCat,PSPS,1,1,1,0.02848081005425203,3,0.6666666666666667,0.7261505671167529
2024-09-22,Slothana,SLOTH,1,1,1,0.02848081005425203,3,0.6666666666666667,0.7261505671167529
